<?xml version="1.0" encoding="UTF-8"?>
<!DOCTYPE mapper PUBLIC " -//mybatis.org//DTD Mapper 3.0//EN" 
	"http://mybatis.org/dtd/mybatis-3-mapper.dtd">
<mapper namespace="com.exhibition.project.BoardDao.BoardDao">

<select id="imgUrl" resultType="String">
select file_dir from board where board_num=#{param1}

</select>
<select id="PagelistView" resultType="com.exhibition.project.BoardDto.BoardDto">
	select * from(

	select row_number() over(order by a.rdate desc) num,a.* from board a)
	where num between #{param1} and #{param2}
	
	</select>

<!-- 2위에 해당하는 유저의 조회수와 이름 가져오기 (랭킹 함수 , 서브쿼리)  -->
<select id="SecondRanking" resultType="com.exhibition.project.BoardDto.BoardDto">
select userid,nclick,rank
from (select userid,nclick,rank()over(order by nclick desc) as rank from board)
where rank=2


</select>
<!--  3위에 해당하는 유저의 조회수와 이름 가져오기 (랭킹함수 서브쿼리) -->
<select id="ThirdRanking" resultType="com.exhibition.project.BoardDto.BoardDto">
select userid , nclick, rank
from (select userid,nclick,rank()over(order by nclick desc) as rank from board)
where rank=3



</select>


<!-- 2위한 유저의 아이디를 가져와서 저장하기 위함  -->
<select id="SecondRankingId" resultType="String"> 
select userid
from (select userid,nclick,rank()over(order by nclick desc) as rank from board)
where rank=2
</select>
<!-- 2위한 유저의 게시물 갯수 구하기  -->
<select id="SecondRankingUserCount" resultType="String"> 

select count(userid) from board where userid=#{param1}
</select>

<!-- 3위한 유저의 아이디를 가져와서 저장하기 위함  -->
<select id="ThirdRankingId" resultType="String"> 
select userid
from (select userid,nclick,rank()over(order by nclick desc) as rank from board)
where rank=3
</select>

<!-- 3위한 유저의 게시물 갯수를 구하기 -->
<select id="ThirdRankingUserCount" resultType="String">
select count(userid) from board where userid=#{param1}



</select>

<!-- 페이징처리  최신글 기준으로 메인에 뿌려주기 -->
	<select id="Pagelist" resultType="com.exhibition.project.BoardDto.BoardDto">
	select * from(

	select row_number() over(order by a.rdate desc) num,a.* from board a)
	where num between #{param1} and #{param2}
	
	</select>
	
	
<!-- DM관련 -->
<select id="DmCount" resultType="int">
select count(*) cnt from board where userid=#{param1}

</select>
<!-- 댓글 달기 -->
	<select id="contentView" resultType="com.exhibition.project.BoardDto.BoardDto">
	<!-- 클릭한 게시물 목록 가져오기 -->
	select board_num,userid,boardtopic,board_comment,rdate,nClick,bGroup,bStep,bIndent
		 from board where board_num =#{param1}
	
	
	</select>
	<!-- 조회수 오름차순 정렬  -->
	<select id="ViewDescList" resultType="com.exhibition.project.BoardDto.BoardDto">
		
		 
	select board_num,userid,boardtopic,board_comment,rdate,nClick,bGroup,bStep,bIndent
		 from board order by nclick desc
	
	</select>
	<!--  조회수 내림차순 정렬 -->
	<select id="ViewAscList" resultType="com.exhibition.project.BoardDto.BoardDto">
	select board_num,userid,boardtopic,board_comment,rdate,nClick,bGroup,bStep,bIndent
		 from board order by nclick asc
	</select>
	<!-- 최근 게시물 보기 -->
	<select id="ViewDateDsc" resultType="com.exhibition.project.BoardDto.BoardDto">
		select board_num,userid,boardtopic,board_comment,rdate,nClick,bGroup,bStep,bIndent
		 from board order by rdate desc
	</select>
	<!--  오래된 게시물 보기  -->
	<select id="ViewDateAsc" resultType="com.exhibition.project.BoardDto.BoardDto">
	select board_num,userid,boardtopic,board_comment,rdate,nClick,bGroup,bStep,bIndent
		 from board order by rdate asc
	
	</select>
	<select id="checkuser" resultType="String">
	select DISTINCT(userid) from board where userid=#{param1}
	
	</select>
	
	<select id="memberCheck" resultType="int">
	select count(*) cnt from board where userid=#{param1}
	
	
	</select>
	<!-- 모든글 수 세기 -->
	<select id="allCount" resultType="int">
		
	select count(*) cnt from board 
	</select>
	<!-- 제목을 검색할때 그 제목을 기준으로 게시물 검색 -->
	<select id="SearchBoard" resultType="com.exhibition.project.BoardDto.BoardDto">
	select board_num,userid,boardtopic,rdate,nClick from board where boardtopic like '%' ||  #{param1} || '%' order by rdate desc


	
	</select>
	<!-- 최근 활동 구하기 -->
	<select id="userDate" resultType="String">
	select MAX(rdate)from board where userid=#{param1}
	
	</select>
	<insert id="message">
	insert into directmessage(userid,writer,title,message)
	values(#{param1},#{param2},#{param3},#{param4})
	</insert>
	
	<!--  게시판 1위 유저아이디 가져오기  -->
	<!-- 유저 랭킹 구하기 (게시물 조회수가 많은 유저 구하기==> 서브쿼리)-->
	<select id="firstRanking" resultType="String">
	select userid from board where nClick = (select max(nClick) from board)
	
	</select>
	
	<!-- 게시물 조회수 가많은 유저 의 게시물 조회수 구하기 -->
	<select id="firstRankingNclick" resultType="String">
	select nClick from board where nClick = (select max(nClick) from board)
	
	
	</select>
	
	
	<!-- 1위 외의 순위 리스트 불러오기  -->
	<!-- 조회수를 기준으로 내림차순 정렬 + 그조회수에 해당하는 유저가 쓴 글의 제목을 가져오기 -->
	<select id="UserRanking" resultType="com.exhibition.project.BoardDto.BoardDto">
	select distinct(userid),board_num,nclick,rdate,boardtopic from board where nclick >=150 order by nclick desc
	
	</select>
	<!-- 유저수 구하기 ==>중복되는 값은 distinct를 이용해서 제거  -->
	<select id="UserCount" resultType="int">
	select count(distinct(userid))from board
	</select>
	
	<select id="RankingCount" resultType="String">
	select  count(*) cnt from board where userid=#{param1}
	
	</select>
	<insert id="reply">
	insert into board(board_num,userid,boardtopic,board_comment,bGroup,bStep,bIndent) 
	values(board_seq.nextval,#{param1},#{param2},#{param3},#{param4},#{param5},#{param6})
	
	</insert>
	<update id="replyShape">
		update board set bStep=bStep+1 where bGroup=#{param1} and bStep > #{param2}
	
	</update>
	
	
	<select id="list" resultType="com.exhibition.project.BoardDto.BoardDto">
	
		select board_num,userid,boardtopic,rdate,nClick,board_comment
		from board order by rdate desc 
	</select>
	
	
	
	
	<!-- 클릭한 게시물 목록 가져오기 -->
		<select id="board_view" resultType="com.exhibition.project.BoardDto.BoardDto">
	select board_num,userid,boardtopic,rdate,nClick,board_comment,bGroup,bStep,bIndent,file_dir
		 from board where board_num =#{param1}
	
	
	</select>
	 
	<select id="findUser" resultType="com.exhibition.project.BoardDto.BoardDto">
	select userid from board where userid=#{param1}
	
	
	</select>
	<select id="userCount" resultType="int">
	
		select count(*) cnt from board where userid=#{param1}
	
	</select>
	<select id="userlist" resultType="com.exhibition.project.BoardDto.BoardDto">
	
	select board_num,userid,boardtopic,rdate,nClick,board_comment
		from board where userid=#{param1}
	</select>
	
	<update id="Doboard_update">
	update board set userid=#{param2},boardtopic=#{param3},board_comment=#{param4},file_dir=#{param5} where board_num=#{param1}
	
	</update>
	<update id="upHit">
	
	update board set nClick=nClick+1 where board_num=#{param1}
	</update>
	
	<insert id="write">
	insert into board(board_num,boardtopic,userid,nClick,board_comment,file_dir)
	values(board_seq.nextval,#{param1},#{param2},'0',#{param3},#{param4})                                        
	</insert>
	<delete id="Doboard_delete">
	delete from board where board_num=#{param1}
	
	</delete>
</mapper>